"","Gamma","Cost","Error","Dispersion"
"i1",0.5,1000,0.135897435897436,0.0594806859425876
"i6",1,10,0.0859649122807018,0.0535021486802804
"i11",1.5,10,0.0994601889338731,0.056739217640518
"iv14",1,1000,0.0726045883940621,0.0550788076834977
