"","Gamma","Cost","Error","Dispersion"
"i1",1.5,10,0.138663967611336,0.0532282274220309
"i6",0.1,100,0.0912280701754386,0.0509483186199877
"i11",1,10,0.109716599190283,0.0324014694533569
"iv14",2,10,0.0625506072874494,0.0248638239205344
