"","Gamma","Cost","Error","Dispersion"
"i1",2,10,0.151754385964912,0.0620036206787225
"i6",1.5,10,0.0809041835357625,0.0432918832104326
"i11",0.1,1000,0.112348178137652,0.0542197920715271
"iv14",1.5,100,0.0625506072874494,0.032861683721829
