"","Gamma","Cost","Error","Dispersion"
"i1",1.5,100,0.122537112010796,0.0342755231622212
"i6",1.5,1000,0.088663967611336,0.0480070743978659
"i11",0.5,10,0.130229419703104,0.049396727375634
"iv14",1.5,10,0.0443994601889339,0.0247756683297653
