"","Gamma","Cost","Error","Dispersion"
"i1",1.5,10,0.120175438596491,0.0465532169201423
"i6",1.5,1,0.0887314439946019,0.0552192043279257
"i11",2,1,0.104318488529015,0.0365013348191122
"iv14",2,1,0.0680836707152497,0.0310235671932398
