"","Gamma","Cost","Error","Dispersion"
"i1",1.5,10,0.12280701754386,0.0689191973916143
"i6",2,10,0.0861673414304993,0.0275472099385445
"i11",1,10,0.0810391363022942,0.0401526375346702
"iv14",2,10,0.0838056680161943,0.0523905342224398
